CREATE DATABASE VISITORMANAGEMENTDB

USE VISITORMANAGEMENTDB

CREATE TABLE LOCATION
(
LOCID BIGINT NOT NULL PRIMARY KEY,
LOCNAME NVARCHAR(20)
)

ALTER TABLE LOCATION ADD CONSTRAINT 
LOC_NAME_UNIQUE UNIQUE(LOCNAME)

CREATE TABLE VISITORINFO 
(
VID BIGINT NOT NULL PRIMARY KEY,
VNAME NVARCHAR(30) NOT NULL,
VLOC BIGINT NOT NULL,
PARENTCOMPANY NVARCHAR(30) NOT NULL,
PURPOSE NVARCHAR(30) NOT NULL,
CONTACT NVARCHAR(10) NOT NULL,
VISITDATE DATE NOT NULL,
HOSTID BIGINT NOT NULL 
)

CREATE TABLE USERINFO 
(
USERID BIGINT NOT NULL PRIMARY KEY,
USERNAME NVARCHAR(30) NOT NULL,
EMPNUM INT NOT NULL,
DEPT NVARCHAR(30) NOT NULL,
USERLOC BIGINT NOT NULL,
UCONTACT NVARCHAR(10) NOT NULL,
UROLE NVARCHAR(10) NOT NULL
)

ALTER TABLE USERINFO ADD CONSTRAINT 
USERINFO_CHECK CHECK(UROLE IN('HOST','MANAGER'))

ALTER TABLE USERINFO ADD CONSTRAINT 
USERINFO_LOC_FK FOREIGN KEY(USERLOC)
REFERENCES LOCATION(LOCID)

ALTER TABLE VISITORINFO ADD CONSTRAINT 
VISITORINFO_LOC_FK FOREIGN KEY(VLOC)
REFERENCES LOCATION(LOCID)

ALTER TABLE VISITORINFO ADD CONSTRAINT 
VISITORINFO_HID_FK FOREIGN KEY(HOSTID)
REFERENCES USERINFO(USERID)

--VALUE INSERTION--

INSERT INTO LOCATION VALUES(1,'COIMBATORE'),(2,'CHENNAI'),(3,'BANGALORE'),(4,'HYDERABAD'),(5,'TRIVANDRUM')

INSERT INTO VISITORINFO VALUES(101,'NANDHA',1,'GOOGLE','PROJECT','9900990099','2025-10-31',201),
	(102,'KRISHNA',1,'HCL','MEETING','9900990091','2025-05-08',202),
	(103,'SHAKTHI',1,'WIPRO','CASUAL MEET','9988776650','2025-05-20',202),
	(104,'SUKUMAR',2,'CAPGEMINI','BUSINESS','9988776651','2025-05-11',203),
	(105,'VAMSI',2,'QUALCOMM','MEETING','9988776652','2025-05-05',201),
	(106,'KUMAR',3,'TCS','PROJECT','9988776653','2025-07-70',204)

INSERT INTO USERINFO VALUES(201,'NITHISHNANDHA',2888000,'CEO',1,'9988776654','HOST'),
(202,'RAYUDU',2888001,'EMPLOYEE',2,'9988776655','MANAGER'),
(203,'SAI',2888002,'POSH',1,'9988776656','HOST'),
(204,'TRINAY',2888003,'HR',3,'9988776657','MANAGER'),
(205,'ADHITHYA',2888004,'TECH TEAM',4,'9988776658','HOST'),
(206,'MALLAIYA',2888004,'MY LEARNING',3,'9988776659','HOST')

--2--
SELECT * FROM LOCATION

--3--
SELECT VNAME,LOCNAME FROM VISITORINFO V
INNER JOIN LOCATION LOC ON V.VLOC=LOC.LOCID

--4--
SELECT LOCNAME FROM LOCATION 
WHERE LOCNAME LIKE  'H%'

--5--
SELECT COUNT(USERNAME) FROM USERINFO 
WHERE UROLE='HOST'

--6--
SELECT COUNT(USERNAME) FROM USERINFO 
WHERE UROLE='HOST' AND USERLOC=1

--7--
SELECT HOSTID,VNAME FROM VISITORINFO
WHERE HOSTID=202

--8--
SELECT * FROM VISITORINFO
WHERE VISITDATE='2025-05-08'

--9--
SELECT * FROM VISITORINFO
ORDER BY VISITDATE DESC

--10--
SELECT V.*
FROM VISITORINFO V
JOIN USERINFO U ON V.HOSTID = U.USERID
WHERE U.UROLE <> 'HOST';

--11--
SELECT V.*
FROM VISITORINFO V
JOIN USERINFO U ON V.HOSTID = U.USERID
WHERE U.USERNAME = 'NITHISHNANDHA';

--12--
SELECT VNAME  FROM VISITORINFO V
INNER JOIN USERINFO U ON U.USERID = V.HOSTID
WHERE U.DEPT='CEO'

--13--
SELECT * FROM VISITORINFO
WHERE HOSTID = 201 AND VISITDATE='2025-05-08'


--14--
SELECT COUNT(*) FROM VISITORINFO
WHERE VLOC= 1 AND VISITDATE='2025-05-08' 

--15--
SELECT * FROM VISITORINFO WHERE HOSTID=(SELECT TOP 1 HOSTID FROM VISITORINFO GROUP BY HOSTID ORDER BY COUNT(*) DESC)

--16--
SELECT * FROM USERINFO WHERE USERID=(SELECT TOP 1 HOSTID FROM VISITORINFO GROUP BY HOSTID ORDER BY COUNT(*) ASC) 

--17
SELECT *FROM USERINFO
WHERE USERID NOT IN (SELECT DISTINCT HOSTID FROM VISITORINFO WHERE HOSTID IS NOT NULL);


--18--
SELECT VISITDATE,COUNT(*) AS VISITS FROM VISITORINFO
GROUP BY VISITDATE
ORDER BY VISITDATE ASC;

--19--
SELECT * FROM VISITORINFO
WHERE HOSTID = 201 AND VISITDATE BETWEEN '2025-05-01' AND '2025-05-31'

--20--
SELECT USERNAME FROM USERINFO
WHERE UROLE != 'MANAGER'

--21--
SELECT VNAME FROM VISITORINFO
WHERE CONTACT IS NULL
